{"cameraMode":{"drawMode":0,"name":"Shaded","section":"Shading Mode"},"sceneLighting":false,"audioPlay":false,"sceneViewState":{"showFog":true,"showMaterialUpdate":false,"showSkybox":true,"showFlares":true,"showImageEffects":true,"showParticleSystems":true},"in2DMode":false,"pivot":{"x":-0.0003083944320678711,"y":0.8737014532089233,"z":0.040916815400123599},"rotation":{"x":-0.045207224786281589,"y":0.9545844197273254,"z":-0.19779348373413087,"w":-0.218180313706398},"size":3.722330093383789,"orthographic":false}