{"cameraMode":{"drawMode":0,"name":"Shaded","section":"Shading Mode"},"sceneLighting":false,"audioPlay":false,"sceneViewState":{"showFog":true,"showMaterialUpdate":false,"showSkybox":true,"showFlares":true,"showImageEffects":true,"showParticleSystems":true},"in2DMode":false,"pivot":{"x":1.4901161193847657e-8,"y":-0.08259356021881104,"z":0.03232908248901367},"rotation":{"x":-0.2306458055973053,"y":0.5982517004013062,"z":-0.1852893829345703,"w":-0.7446913719177246},"size":2.736325979232788,"orthographic":false}