{"cameraMode":{"drawMode":0,"name":"Shaded","section":"Shading Mode"},"sceneLighting":false,"audioPlay":false,"sceneViewState":{"showFog":true,"showMaterialUpdate":false,"showSkybox":true,"showFlares":true,"showImageEffects":true,"showParticleSystems":true},"in2DMode":false,"pivot":{"x":-1.3200000524520875,"y":-1.3200000524520875,"z":-1.600000023841858},"rotation":{"x":0.2331213504076004,"y":-0.5791547894477844,"z":0.17747379839420319,"w":0.7607478499412537},"size":0.28521987795829775,"orthographic":false}