{"cameraMode":{"drawMode":0,"name":"Shaded","section":"Shading Mode"},"sceneLighting":false,"audioPlay":false,"sceneViewState":{"showFog":true,"showMaterialUpdate":false,"showSkybox":true,"showFlares":true,"showImageEffects":true,"showParticleSystems":true},"in2DMode":false,"pivot":{"x":7.260936260223389,"y":6.39825439453125,"z":4.71023416519165},"rotation":{"x":-0.12924860417842866,"y":0.8284538388252258,"z":-0.21358071267604829,"w":-0.5013405680656433},"size":3.695411205291748,"orthographic":false}