{"cameraMode":{"drawMode":0,"name":"Shaded","section":"Shading Mode"},"sceneLighting":false,"audioPlay":false,"sceneViewState":{"showFog":true,"showMaterialUpdate":false,"showSkybox":true,"showFlares":true,"showImageEffects":true,"showParticleSystems":true},"in2DMode":false,"pivot":{"x":1788.468017578125,"y":986.662109375,"z":0.0},"rotation":{"x":-0.013858568854629994,"y":-0.021572794765233995,"z":0.00030070991488173604,"w":-0.9996711611747742},"size":243.73863220214845,"orthographic":false}