{"cameraMode":{"drawMode":0,"name":"Shaded","section":"Shading Mode"},"sceneLighting":false,"audioPlay":false,"sceneViewState":{"showFog":true,"showMaterialUpdate":false,"showSkybox":true,"showFlares":true,"showImageEffects":true,"showParticleSystems":true},"in2DMode":false,"pivot":{"x":-0.7208290696144104,"y":-0.7350669503211975,"z":-2.436038017272949},"rotation":{"x":-0.06061558425426483,"y":-0.938728928565979,"z":0.22110246121883393,"w":-0.2573470175266266},"size":1.8452343940734864,"orthographic":false}