{"cameraMode":{"drawMode":0,"name":"Shaded","section":"Shading Mode"},"sceneLighting":false,"audioPlay":false,"sceneViewState":{"showFog":true,"showMaterialUpdate":false,"showSkybox":true,"showFlares":true,"showImageEffects":true,"showParticleSystems":true},"in2DMode":false,"pivot":{"x":-2.7180047035217287,"y":-5.205769062042236,"z":-16.286352157592775},"rotation":{"x":-0.01756170578300953,"y":0.9780594110488892,"z":-0.18588261306285859,"w":-0.09240760654211045},"size":22.0,"orthographic":false}