{"cameraMode":{"drawMode":0,"name":"Shaded","section":"Shading Mode"},"sceneLighting":false,"audioPlay":false,"sceneViewState":{"showFog":true,"showMaterialUpdate":false,"showSkybox":true,"showFlares":true,"showImageEffects":true,"showParticleSystems":true},"in2DMode":false,"pivot":{"x":36.47952651977539,"y":91.92884063720703,"z":-2.253303050994873},"rotation":{"x":-0.19677384197711945,"y":0.05056473985314369,"z":-0.010161870159208775,"w":-0.979091465473175},"size":8.918485641479493,"orthographic":false}