{"cameraMode":{"drawMode":0,"name":"Shaded","section":"Shading Mode"},"sceneLighting":true,"audioPlay":false,"sceneViewState":{"showFog":true,"showMaterialUpdate":false,"showSkybox":true,"showFlares":true,"showImageEffects":true,"showParticleSystems":true},"in2DMode":false,"pivot":{"x":-0.42695188522338869,"y":1.0904725790023804,"z":-48.7575569152832},"rotation":{"x":-0.0940241664648056,"y":0.8984941244125366,"z":-0.235953688621521,"w":-0.3580414950847626},"size":2.6183109283447267,"orthographic":false}