{"cameraMode":{"drawMode":0,"name":"Shaded","section":"Shading Mode"},"sceneLighting":false,"audioPlay":false,"sceneViewState":{"showFog":true,"showMaterialUpdate":false,"showSkybox":true,"showFlares":true,"showImageEffects":true,"showParticleSystems":true},"in2DMode":false,"pivot":{"x":-1.4901161193847657e-8,"y":-0.012707412242889405,"z":0.0768052339553833},"rotation":{"x":-0.01834094151854515,"y":-0.021892409771680833,"z":0.00040305376751348376,"w":-0.9995920658111572},"size":3.396660804748535,"orthographic":false}