{"cameraMode":{"drawMode":0,"name":"Shaded","section":"Shading Mode"},"sceneLighting":false,"audioPlay":false,"sceneViewState":{"showFog":true,"showMaterialUpdate":true,"showSkybox":true,"showFlares":true,"showImageEffects":true,"showParticleSystems":true},"in2DMode":false,"pivot":{"x":-0.000004887580871582031,"y":0.9216156005859375,"z":-0.02201876789331436},"rotation":{"x":0.13862183690071107,"y":-0.5918439030647278,"z":0.10422436147928238,"w":0.7871735095977783},"size":4.148590087890625,"orthographic":false}