{"cameraMode":{"drawMode":0,"name":"Shaded","section":"Shading Mode"},"sceneLighting":false,"audioPlay":false,"sceneViewState":{"showFog":true,"showMaterialUpdate":false,"showSkybox":true,"showFlares":true,"showImageEffects":true,"showParticleSystems":true},"in2DMode":false,"pivot":{"x":0.2650117874145508,"y":8.528255462646485,"z":0.47717761993408205},"rotation":{"x":-0.015329869464039803,"y":-0.021897168830037118,"z":0.00033614967833273113,"w":-0.9996426701545715},"size":36.90758514404297,"orthographic":false}