{"cameraMode":{"drawMode":0,"name":"Shaded","section":"Shading Mode"},"sceneLighting":false,"audioPlay":false,"sceneViewState":{"showFog":true,"showMaterialUpdate":false,"showSkybox":true,"showFlares":true,"showImageEffects":true,"showParticleSystems":true},"in2DMode":false,"pivot":{"x":-0.00031498074531555176,"y":0.9138006567955017,"z":0.023079901933670045},"rotation":{"x":-0.045207224786281589,"y":0.9545844197273254,"z":-0.19779348373413087,"w":-0.218180313706398},"size":3.860071897506714,"orthographic":false}