{"cameraMode":{"drawMode":0,"name":"Shaded","section":"Shading Mode"},"sceneLighting":false,"audioPlay":false,"sceneViewState":{"showFog":true,"showMaterialUpdate":false,"showSkybox":true,"showFlares":true,"showImageEffects":true,"showParticleSystems":true},"in2DMode":false,"pivot":{"x":-0.00031498074531555176,"y":0.8903812766075134,"z":0.038961008191108707},"rotation":{"x":-0.045207224786281589,"y":0.9545844197273254,"z":-0.19779348373413087,"w":-0.218180313706398},"size":3.7811834812164308,"orthographic":false}