{"cameraMode":{"drawMode":0,"name":"Shaded","section":"Shading Mode"},"sceneLighting":false,"audioPlay":false,"sceneViewState":{"showFog":true,"showMaterialUpdate":false,"showSkybox":true,"showFlares":true,"showImageEffects":true,"showParticleSystems":true},"in2DMode":false,"pivot":{"x":-1.3200000524520875,"y":-1.3200000524520875,"z":-1.600000023841858},"rotation":{"x":0.16088080406188966,"y":-0.6234049797058106,"z":0.13310271501541139,"w":0.7535033822059631},"size":0.28521987795829775,"orthographic":false}