{"cameraMode":{"drawMode":0,"name":"Shaded","section":"Shading Mode"},"sceneLighting":true,"audioPlay":false,"sceneViewState":{"showFog":true,"showMaterialUpdate":false,"showSkybox":true,"showFlares":true,"showImageEffects":true,"showParticleSystems":true},"in2DMode":false,"pivot":{"x":-3.1718621253967287,"y":3.341726779937744,"z":-49.10240936279297},"rotation":{"x":-0.16661080718040467,"y":0.10243625938892365,"z":-0.017406858503818513,"w":-0.9805328845977783},"size":2.6183109283447267,"orthographic":false}